{"bboxes": [[362.11944580078125, 39.553550720214844, 1468.4876708984375, 895.3270874023438], [385.1164855957031, 46.49159240722656, 1458.7149658203125, 882.3678588867188], [1119.76025390625, 27.073955535888672, 1202.264404296875, 112.64256286621094], [1146.00048828125, 19.20117950439453, 1181.0216064453125, 108.91261291503906]], "labels": [1, 2, 1, 1], "scores": [0.9838206768035889, 0.18547184765338898, 0.06010529398918152, 0.050491802394390106]}