{"bboxes": [[171.7657928466797, 0.0, 1456.783935546875, 932.473876953125], [155.01092529296875, 0.0, 1764.603515625, 1045.9263916015625], [1045.30712890625, 34.67784118652344, 1841.2640380859375, 726.7191772460938], [185.71133422851562, 0.0, 1760.385009765625, 1050.523681640625]], "labels": [3, 4, 4, 2], "scores": [0.994581401348114, 0.46656715869903564, 0.460681676864624, 0.2728465497493744]}