{"bboxes": [[290.0038146972656, 543.0316772460938, 1044.30810546875, 1880.915771484375], [280.6145935058594, 738.347900390625, 1080.0, 1894.929443359375], [327.566162109375, 887.5023193359375, 1062.3499755859375, 1866.869140625]], "labels": [3, 4, 2], "scores": [0.9866073131561279, 0.28339213132858276, 0.11291439831256866]}