{"bboxes": [[38.909122467041016, 54.13051986694336, 1516.07373046875, 1155.2388916015625], [895.2755737304688, 13.707629203796387, 990.7089233398438, 131.4915313720703], [847.2445068359375, 1.234320044517517, 1012.5137329101562, 122.3122787475586], [814.8886108398438, 29.424901962280273, 1062.0009765625, 104.76970672607422], [159.43409729003906, 406.69854736328125, 1461.2491455078125, 1251.23583984375], [832.6885375976562, 59.5469856262207, 1041.3468017578125, 112.50383758544922]], "labels": [2, 1, 1, 1, 1, 1], "scores": [0.9994614720344543, 0.3511931896209717, 0.31949782371520996, 0.11655107885599136, 0.07245923578739166, 0.053747933357954025]}