{"bboxes": [[555.7144165039062, 359.84716796875, 2959.458740234375, 1987.8409423828125], [454.64385986328125, 321.2247009277344, 2908.3955078125, 2202.993896484375], [525.6113891601562, 392.3650207519531, 2969.680908203125, 1970.7628173828125]], "labels": [1, 2, 4], "scores": [0.6548271775245667, 0.5857208371162415, 0.09742863476276398]}