{"bboxes": [[134.40283203125, 155.59735107421875, 336.04254150390625, 301.3796691894531], [472.3905334472656, 75.445556640625, 756.3540649414062, 261.4339904785156], [400.2766418457031, 224.25143432617188, 600.7560424804688, 404.9050598144531], [267.1682434082031, 40.62485885620117, 571.5118408203125, 187.59628295898438], [0.0, 9.975692749023438, 303.1678771972656, 114.14501953125], [599.38671875, 0.0, 691.3451538085938, 38.490333557128906], [377.72052001953125, 17.259937286376953, 615.1348876953125, 126.43486785888672], [50.48225402832031, 4.665367126464844, 176.8385467529297, 60.37516403198242], [614.0361938476562, 2.891533613204956, 692.3443603515625, 25.49291229248047], [560.8445434570312, 2.490386962890625, 682.6754150390625, 65.01398468017578], [299.46051025390625, 35.392276763916016, 733.6381225585938, 236.53451538085938], [635.1367797851562, 0.0, 678.70458984375, 39.019203186035156]], "labels": [1, 1, 1, 1, 1, 1, 1, 1, 1, 1, 1, 1], "scores": [0.9996504783630371, 0.9987892508506775, 0.9963405728340149, 0.9877461194992065, 0.9466808438301086, 0.6911859512329102, 0.5553810596466064, 0.27189353108406067, 0.2232149988412857, 0.13814981281757355, 0.11012142151594162, 0.05875454470515251]}