{"bboxes": [[32.23130798339844, 15.974954605102539, 377.5758361816406, 248.03514099121094], [1.7888131141662598, 13.676413536071777, 119.29978942871094, 120.15248107910156], [5.992208957672119, 8.385900497436523, 266.1202697753906, 377.0], [6.618130207061768, 55.063507080078125, 116.89572143554688, 103.23004150390625], [137.59185791015625, 102.05451965332031, 430.8188171386719, 273.79986572265625], [47.823062896728516, 15.03763198852539, 375.3990783691406, 251.6067352294922], [17.029701232910156, 99.16587829589844, 255.756103515625, 377.0], [9.81713581085205, 148.89617919921875, 245.58274841308594, 368.72344970703125], [0.0, 87.618408203125, 443.1142578125, 221.45925903320312], [269.1716003417969, 238.6056671142578, 546.1401977539062, 353.24676513671875], [0.0, 206.79046630859375, 35.81876754760742, 269.61236572265625], [0.0, 28.667774200439453, 128.18829345703125, 114.0050048828125], [0.0, 218.77549743652344, 34.29179382324219, 250.10186767578125], [459.03570556640625, 272.3166809082031, 504.2850646972656, 295.6749267578125]], "labels": [1, 1, 2, 1, 1, 2, 1, 4, 1, 1, 1, 4, 1, 1], "scores": [0.9872019290924072, 0.8801143765449524, 0.8368757367134094, 0.6607186198234558, 0.5094168782234192, 0.5065627694129944, 0.4065987169742584, 0.17387421429157257, 0.15739145874977112, 0.14280302822589874, 0.12938235700130463, 0.08715803176164627, 0.07669584453105927, 0.05754540488123894]}