{"bboxes": [[42.00578689575195, 1135.3795166015625, 817.6570434570312, 1705.1016845703125], [282.6587219238281, 100.9118423461914, 1061.9215087890625, 1069.9066162109375], [338.9736022949219, 78.78955841064453, 999.1375732421875, 1100.1915283203125], [342.1484680175781, 75.44764709472656, 968.5942993164062, 1243.96826171875], [28.106237411499023, 1085.974365234375, 793.3822021484375, 1713.3177490234375], [71.90785217285156, 1064.951416015625, 798.278564453125, 1690.2318115234375]], "labels": [2, 4, 2, 1, 1, 4], "scores": [0.9553672671318054, 0.8135322332382202, 0.6174020767211914, 0.40949130058288574, 0.15458156168460846, 0.06791875511407852]}